id,speed
0,48.360878
1,47.517868
2,40.343952
3,32.757523
4,40.306454
5,25.559093
6,19.144970
7,48.862080
8,48.191700
9,33.213299
10,28.971571
11,24.077652
12,24.489788
13,23.760033
14,30.532343
15,41.303764
16,40.797058
17,44.731567
18,49.067741
19,49.124172
20,46.382362
21,44.536068
22,20.319366
23,26.154024
24,24.906565
25,23.197937
26,21.911634
27,20.720129
28,18.521273
29,17.246473
30,30.120562
31,45.382710
32,49.562988
33,28.557524
34,24.811550
35,23.872524
36,18.976534
37,21.014502
38,46.102215
39,38.164726
40,43.295818
41,47.800686
42,48.245365
43,44.237164
44,19.677568
45,17.009964
46,17.842655
47,12.531093
48,45.203918
49,48.728912
50,48.558365
51,21.077053
52,21.159756
53,18.955301
54,18.035069
55,17.887522
56,17.775404
57,16.667280
58,29.837463
59,33.392311
60,41.343666
61,41.368790
62,42.020397
63,42.472488
64,44.943954
65,47.956333
66,48.092728
67,47.604404
68,43.479012
69,25.052193
70,18.634594
71,17.867455
72,15.363327
73,16.300465
74,13.847991
75,7.932630
76,44.469723
77,37.516068
78,40.120750
79,46.962086
80,13.093003
81,17.311035
82,24.415789
83,16.640427
84,16.680059
85,13.472600
86,26.458994
87,40.819168
88,47.335194
89,43.193779
90,47.132370
91,46.860836
92,46.681232
93,46.314583
94,22.275511
95,14.642419
96,25.488201
97,16.461168
98,13.619831
99,20.219763
100,42.221806
101,47.638844
102,14.162127
103,15.568208
104,14.197978
105,44.902885
106,33.992813
107,48.449959
108,45.249748
109,13.270575
110,11.721745
111,11.167315
112,23.730717
113,37.327187
114,40.525341
115,48.596333
116,48.486973
117,40.729527
118,30.202909
119,23.243290
120,20.031172
121,13.523678
122,34.968342
123,46.322056
124,46.220535
125,43.651314
126,42.329899
127,36.794476
128,43.121803
129,35.369675
130,48.009117
131,47.108742
132,46.794498
133,25.511578
134,21.035883
135,22.907402
136,40.149979
137,45.120045
138,48.909260
139,47.399406
140,47.300999
141,44.139950
142,28.853239
143,13.938351
144,21.464779
145,18.962704
146,17.707029
147,48.750301
148,49.069397
149,48.296421
150,47.999424
151,14.117779
152,15.414103
153,13.540922
154,10.909007
155,21.560429
156,35.155479
157,44.182526
158,38.838543
159,39.231129
160,46.123657
161,46.165443
162,47.741749
163,47.362183
164,43.511433
165,29.552929
166,15.728131
167,21.272406
168,19.251635
169,20.346233
170,15.458822
171,14.127873
172,45.133369
173,48.512508
174,43.011021
175,27.296230
176,21.900940
177,15.750338
178,16.496078
179,10.223750
180,47.497288
181,48.091228
182,48.597107
183,48.002953
184,41.788017
185,21.144272
186,19.179966
187,37.791237
188,32.699924
189,48.492493
190,43.660805
191,43.413189
192,38.055744
193,37.926491
194,36.981426
195,37.320866
196,39.085434
197,42.686298
198,39.753841
199,47.898994
200,47.181427
201,27.743853
202,27.668045
203,19.177200
204,17.617826
205,19.026930
206,39.941532
207,43.586903
208,48.717628
209,48.801014
210,48.009045
211,47.515354
212,23.989763
213,12.716734
214,19.480583
215,19.203672
216,17.364296
217,22.376987
218,45.938179
219,47.834641
220,47.460281
221,44.600098
222,29.604904
223,16.809917
224,12.331814
225,25.898443
226,46.570217
227,48.332943
228,18.099131
229,24.980099
230,20.238403
231,20.890240
232,44.836842
233,48.327038
234,47.243328
235,20.449619
236,24.045135
237,21.348482
238,21.455729
239,46.045097
240,37.583225
241,41.033672
242,47.174725
243,47.410717
244,47.009640
245,47.306976
246,29.501066
247,23.346527
248,21.987959
249,20.655191
250,18.776413
251,33.012329
252,39.878345
253,34.440922
254,36.766022
255,46.907146
256,46.696835
257,45.736431
258,43.284897
259,41.387627
260,41.567017
261,39.848358
262,40.950256
263,44.718311
264,33.672737
265,41.216206
266,48.510643
267,44.223812
268,18.642866
269,20.568951
270,19.866505
271,21.070429
272,20.543417
273,17.071238
274,46.187572
275,47.523808
276,48.000912
277,47.513905
278,33.705521
279,17.179726
280,18.565617
281,24.062065
282,21.425791
283,18.276211
284,15.375717
285,13.671364
286,47.413906
287,47.543770
288,12.002420
289,14.403450
290,15.668937
291,12.109203
292,10.253617
293,25.016333
294,46.024975
295,48.419071
296,47.218613
297,31.389744
298,22.721127
299,31.392298
300,22.788506
301,20.517372
302,22.977318
303,44.602528
304,41.789154
305,50.543926
306,48.943508
307,49.392029
308,43.794464
309,25.079197
310,18.654308
311,10.645086
312,44.118824
313,35.076283
314,36.761135
315,48.984177
316,47.492310
317,42.128315
318,35.246857
319,35.622135
320,45.092171
321,46.542084
322,45.848831
323,45.816414
324,44.606411
325,43.685928
326,43.207512
327,42.144855
328,42.462303
329,39.017109
330,39.757816
331,39.434753
332,41.252174
333,36.738365
334,33.662212
335,40.824635
336,47.197327
337,46.943096
338,14.195320
339,19.186796
340,20.425793
341,20.818733
342,45.607407
343,44.308372
344,48.572430
345,48.322327
346,47.919647
347,16.874050
348,36.344078
349,49.451607
350,48.978504
351,48.109928
352,30.245695
353,16.826487
354,24.589718
355,16.406147
356,15.993508
357,20.519548
358,33.228489
359,43.068176
360,44.678593
361,49.531971
362,15.943575
363,23.649319
364,19.818081
365,18.841015
366,15.517602
367,28.394533
368,41.578941
369,49.752445
370,48.678097
371,48.151436
372,47.879257
373,17.926487
374,18.940371
375,12.160672
376,19.720188
377,36.594852
378,39.331245
379,49.607483
380,28.409515
381,17.825224
382,16.644327
383,27.639202
384,48.482712
385,47.588619
386,46.942726
387,42.383423
388,41.287666
389,36.706669
390,36.412495
391,34.839172
392,49.242340
393,49.250790
394,47.273392
395,16.236137
396,18.485220
397,26.607550
398,24.233152
399,17.126564
400,11.648787
401,36.220566
402,39.831059
403,48.803761
404,48.026001
405,44.601826
406,29.083958
407,16.354733
408,17.485594
409,17.252815
410,16.967112
411,12.260771
412,44.259331
413,38.562737
414,41.893711
415,49.802921
416,48.233662
417,48.388317
418,48.111195
419,29.539621
420,16.275330
421,11.925040
422,44.897846
423,38.268471
424,48.493530
425,48.555119
426,45.616833
427,34.710705
428,31.726097
429,41.227146
430,40.480225
431,46.342167
432,47.215488
433,45.293514
434,24.690800
435,30.427979
436,26.943373
437,23.123886
438,47.481930
439,48.101246
440,48.306129
441,40.596085
442,36.134552
443,34.321716
444,35.162395
445,37.016075
446,33.229507
447,38.282764
448,46.468525
449,46.183414
450,44.239689
451,46.100899
452,45.996212
453,45.909710
454,45.008961
455,43.194218
456,43.023117
457,44.839371
458,48.293781
459,48.711174
460,36.461170
461,29.501610
462,31.938459
463,30.002060
464,33.095306
465,39.462128
466,47.875351
467,48.249660
468,47.185932
469,45.728909
470,33.720825
471,34.663853
472,31.531218
473,26.110104
474,22.052046
475,29.337132
476,48.320995
477,46.082550
478,38.541176
479,32.896572
480,28.510452
481,28.021051
482,30.464142
483,48.083447
484,47.274532
485,46.892460
486,35.679890
487,38.349724
488,31.282133
489,19.862291
490,17.982740
491,38.129520
492,43.257004
493,47.321831
494,47.374981
495,47.003017
496,21.473354
497,31.256439
498,41.903149
499,48.563740
500,49.082756
501,49.305889
502,48.946384
503,48.253414
504,38.507950
505,36.176899
506,33.396992
507,33.585567
508,28.826231
509,42.302223
510,45.979271
511,46.057819
512,45.307621
513,45.171444
514,44.523899
515,42.839989
516,42.402306
517,42.167652
518,47.172318
519,46.772675
520,19.107195
521,24.840405
522,23.514809
523,23.628319
524,17.768465
525,43.737934
526,47.777496
527,47.907108
528,46.908791
529,29.525921
530,23.250002
531,24.640455
532,21.781231
533,19.664797
534,15.310105
535,46.955814
536,30.314663
537,17.789169
538,19.897781
539,21.549341
540,17.263596
541,15.322423
542,44.893082
543,45.036392
544,48.189842
545,44.961960
546,15.584174
547,20.273600
548,21.656406
549,21.101112
550,18.296398
551,40.065609
552,41.092339
553,48.115402
554,48.113297
555,43.945660
556,30.340683
557,18.756914
558,23.163473
559,23.103485
560,19.290693
561,19.948345
562,19.577665
563,18.856646
564,15.472246
565,12.667663
566,44.836205
567,37.860516
568,41.574978
569,49.546329
570,48.838879
571,32.530674
572,39.972717
573,46.031574
574,46.134892
575,46.312302
576,46.223495
577,44.463287
578,41.899593
579,43.050430
580,44.060806
581,37.505035
582,48.371189
583,48.511139
584,16.567659
585,20.756540
586,27.398800
587,25.578747
588,21.117685
589,16.567278
590,18.319376
591,17.807627
592,46.672779
593,47.745975
594,47.815376
595,46.344570
596,43.966869
597,31.456707
598,25.869589
599,23.402878
600,16.611753
601,48.018143
602,47.883617
603,44.566944
604,13.200503
605,18.132505
606,36.638313
607,41.709873
608,48.287746
609,48.400745
610,47.517029
611,47.380199
612,42.942406
613,14.542191
614,17.267973
615,14.181756
616,12.689354
617,14.402054
618,11.164042
619,17.315559
620,40.313839
621,49.415459
622,48.803860
623,47.795315
624,45.171925
625,29.625568
626,18.313122
627,17.149477
628,17.967096
629,12.321379
630,24.907532
631,49.788910
632,47.944241
633,47.333588
634,42.471352
635,26.770918
636,20.386883
637,48.893032
638,49.012428
639,47.844948
640,41.843616
641,42.589527
642,43.079037
643,41.713188
644,39.149754
645,42.537209
646,41.087212
647,48.178642
648,48.166935
649,47.428631
650,44.729992
651,18.078199
652,20.072744
653,11.818609
654,21.093126
655,46.380901
656,46.582779
657,46.781887
658,46.628635
659,46.477371
660,42.196381
661,18.027119
662,22.840405
663,16.961220
664,17.916698
665,18.145382
666,18.630547
667,12.786246
668,41.239853
669,36.235924
670,40.718781
671,48.117355
672,43.833649
673,22.840740
674,18.397036
675,34.010410
676,48.003025
677,47.313988
678,46.692860
679,13.744133
680,22.631670
681,19.444284
682,20.105974
683,19.390804
684,44.231152
685,47.772774
686,47.491974
687,47.437168
688,44.400867
689,24.908014
690,16.421213
691,20.352657
692,17.025696
693,15.911232
694,49.833424
695,49.217781
696,39.320362
697,26.025553
698,22.701851
699,19.519535
700,18.037071
701,18.490555
702,39.631428
703,45.930096
704,48.225998
705,47.281616
706,46.953651
707,46.163219
708,44.495758
709,44.809334
710,44.580711
711,44.410942
712,44.819324
713,41.777241
714,39.814522
715,45.093018
716,39.876526
717,46.541164
718,47.093918
719,28.103445
720,12.553914
721,12.388885
722,11.468920
723,41.223892
724,43.873890
725,46.938236
726,46.602665
727,25.948759
728,16.069523
729,13.532759
730,9.028829
731,41.747204
732,47.269791
733,47.815620
734,43.007374
735,10.575564
736,13.342452
737,13.290223
738,13.493480
739,6.448425
740,27.239346
741,40.241726
742,47.490459
743,47.564041
744,47.381817
745,27.619505
746,18.093616
747,23.564892
748,22.824556
749,18.005743
750,17.926559
751,16.339779
752,39.785591
753,48.669308
754,48.166142
755,47.549477
756,47.271080
757,12.569051
758,18.545414
759,16.751621
760,17.576452
761,10.784983
762,21.669312
763,44.948444
764,35.371075
765,39.555813
766,49.070423
767,48.488148
768,42.047493
769,20.957846
770,18.549913
771,19.460581
772,32.225372
773,45.342468
774,45.824398
775,45.779732
776,45.465054
777,45.232697
778,41.488815
779,36.582378
780,47.429409
781,47.483021
782,47.421337
783,12.950083
784,16.990221
785,18.635105
786,15.354985
787,16.798929
788,11.068327
789,25.607294
790,47.866962
791,47.931225
792,47.135509
793,47.509541
794,16.444046
795,15.982762
796,13.149293
797,10.234334
798,22.569077
799,47.332947
800,28.975698
801,14.126893
802,15.248254
803,13.970039
804,14.739910
805,12.237577
806,31.287754
807,39.715183
808,48.641811
809,47.948685
810,47.833324
811,47.573380
812,22.709131
813,11.494686
814,16.642830
815,17.150772
816,16.097370
817,45.677670
818,36.273735
819,49.206524
820,47.871849
821,31.227665
822,36.782604
823,28.432671
824,27.015329
825,28.291891
826,48.383446
827,48.001713
828,39.863083
829,36.832245
830,36.595840
831,33.480476
832,43.698708
833,43.451851
834,47.220329
835,47.442009
836,44.609398
837,43.059620
838,40.148499
839,38.226173
840,48.101063
841,48.386795
842,47.946316
843,41.042923
844,27.037174
845,23.796400
846,32.835983
847,40.022282
848,47.050873
849,47.266254
850,47.361767
851,19.904804
852,27.579569
853,28.309958
854,26.379259
855,27.239679
856,22.140812
857,41.025078
858,44.440636
859,47.120232
860,46.727222
861,46.502342
862,18.782141
863,27.274509
864,24.424185
865,22.053186
866,26.714659
867,45.599937
868,40.348370
869,49.243397
870,47.675072
871,36.136871
872,29.338749
873,25.957088
874,44.355396
875,44.596233
876,47.739494
877,47.586472
878,46.687416
879,19.425409
880,14.352036
881,13.710455
882,25.921501
883,46.398663
884,39.095047
885,47.857048
886,47.991421
887,47.562691
888,47.871223
889,47.363781
890,42.777786
891,29.124893
892,30.287392
893,29.752111
894,36.172935
895,47.555061
896,45.746136
897,46.073849
898,44.609272
899,44.537365
900,47.167183
901,47.806633
902,46.751442
903,33.764221
904,18.650122
905,19.668798
906,24.759495
907,20.033457
908,17.199755
909,12.520637
910,38.276897
911,46.358173
912,47.713654
913,47.326241
914,46.972733
915,23.797504
916,22.986200
917,18.003239
918,19.970131
919,14.771238
920,47.849792
921,48.320827
922,47.479507
923,13.345221
924,16.902351
925,17.232351
926,17.497084
927,19.285133
928,14.115819
929,12.401423
930,27.617033
931,38.861240
932,46.434906
933,47.890259
934,14.409186
935,17.766928
936,17.463375
937,16.614477
938,13.552189
939,23.615152
940,43.988636
941,49.042030
942,48.786816
943,48.045773
944,47.675583
945,28.941017
946,15.051393
947,24.401937
948,23.328428
949,17.357538
950,40.091331
951,48.901207
952,49.103027
953,45.373436
954,37.769821
955,21.222130
956,23.468292
957,15.546828
958,37.908710
959,34.173847
960,45.236866
961,46.253674
962,48.158768
963,46.764843
964,44.550259
965,42.866516
966,43.003902
967,42.686657
968,42.961994
969,43.491306
970,39.109867
971,40.229546
972,47.219585
973,15.504258
974,20.004160
975,26.897778
976,17.536800
977,16.462688
978,20.039440
979,17.720995
980,14.904599
981,28.226643
982,45.814564
983,48.506775
984,48.632107
985,47.366833
986,24.953053
987,14.520515
988,13.133877
989,9.430399
990,32.770023
991,43.272892
992,48.833290
993,47.773232
994,47.597496
995,47.356640
996,31.414841
997,15.431750
998,17.038105
999,24.627241
1000,19.027048
1001,17.531130
1002,19.547449
1003,8.472210
1004,22.058750
1005,45.148434
1006,48.082214
1007,47.352844
1008,44.954464
1009,30.774881
1010,16.875999
1011,19.741690
1012,16.574375
1013,14.194760
1014,43.491016
1015,48.968620
1016,47.702919
1017,29.223806
1018,17.248213
1019,23.745632
1020,15.378557
1021,16.473242
1022,10.246537
1023,36.660763
1024,45.016487
1025,36.232704
1026,48.511063
1027,29.488466
1028,22.766310
1029,17.359241
1030,18.513586
1031,18.177288
1032,16.474255
1033,39.638554
1034,39.410313
1035,44.931606
1036,47.024986
1037,47.104095
1038,43.291172
1039,40.883888
1040,41.799644
1041,41.159538
1042,41.163860
1043,37.658791
1044,44.778843
1045,40.293751
1046,39.330261
1047,48.095005
1048,46.965981
1049,47.120312
1050,28.145132
1051,20.821560
1052,16.681721
1053,8.646240
1054,42.720745
1055,48.651432
1056,48.695644
1057,47.369923
1058,45.070206
1059,12.525490
1060,20.017189
1061,15.441483
1062,11.664419
1063,37.680809
1064,44.803448
1065,39.214043
1066,48.825062
1067,47.928680
1068,48.291702
1069,47.882011
1070,47.699268
1071,44.251892
1072,12.723771
1073,13.726068
1074,12.377531
1075,20.187096
1076,33.438656
1077,48.379379
1078,44.905731
1079,13.093742
1080,16.878746
1081,17.351788
1082,17.520409
1083,14.714392
1084,44.226700
1085,37.983967
1086,43.995548
1087,47.420902
1088,17.404770
1089,10.410157
1090,36.551640
1091,39.290462
1092,48.894756
1093,47.760174
1094,45.712257
1095,37.975895
1096,24.781288
1097,24.493374
1098,15.382479
1099,16.293341
1100,15.338969
1101,27.289566
1102,34.873905
1103,39.110748
1104,31.104673
1105,30.581430
1106,47.674511
1107,46.537224
1108,43.197521
1109,42.904751
1110,42.291176
1111,41.235973
1112,37.960999
1113,43.448879
1114,44.677113
1115,48.341286
1116,47.837708
1117,47.770939
1118,25.853264
1119,20.748068
1120,35.108219
1121,39.889923
1122,41.673290
1123,48.614174
1124,45.510414
1125,29.747246
1126,28.358442
1127,27.951385
1128,32.740120
1129,38.855095
1130,43.829781
1131,48.117237
1132,46.422878
1133,43.785423
1134,30.502611
1135,17.695124
1136,21.495188
1137,19.404154
1138,20.294901
1139,15.194337
1140,46.215042
1141,41.368248
1142,48.545277
1143,48.839100
1144,48.018738
1145,26.301241
1146,18.987000
1147,20.415695
1148,45.142681
1149,43.434784
1150,15.638645
1151,22.467449
1152,22.216541
1153,19.087959
1154,20.035864
1155,20.208698
1156,18.245901
1157,30.950073
1158,39.020420
1159,36.983265
1160,47.487545
1161,47.041332
1162,47.334526
1163,47.746078
1164,26.774563
1165,20.186039
1166,18.304930
1167,17.804386
1168,45.435814
1169,47.146488
1170,45.089195
1171,41.965443
1172,38.458561
1173,36.844387
1174,44.745789
1175,47.199791
1176,46.787762
1177,34.549301
1178,18.952066
1179,19.948400
1180,20.174915
1181,22.054842
1182,15.103369
1183,44.316895
1184,43.970139
1185,45.714775
1186,45.456177
1187,45.356319
1188,23.109900
1189,16.363338
1190,15.774996
1191,17.739504
1192,36.047932
1193,44.160358
1194,48.387241
1195,48.068802
1196,47.979427
1197,43.769100
1198,23.905045
1199,42.537292
1200,47.762295
1201,47.493492
1202,42.211926
1203,12.858258
1204,19.471357
1205,15.927590
1206,17.333590
1207,7.721719
1208,17.454645
1209,34.811081
1210,46.820164
1211,45.295189
1212,24.022408
1213,25.716381
1214,19.196701
1215,18.737053
1216,46.329491
1217,46.551022
1218,46.362404
1219,40.825539
1220,24.941122
1221,21.652920
1222,21.019167
1223,22.876358
1224,22.886814
1225,21.689749
1226,18.352205
1227,39.241642
1228,35.956070
1229,39.661304
1230,48.119656
1231,47.898006
1232,40.825581
1233,41.084034
1234,39.095352
1235,47.619778
1236,14.605569
1237,22.157219
1238,19.081184
1239,15.235898
1240,24.830420
1241,44.357254
1242,40.050167
1243,44.537861
1244,49.099323
1245,47.242847
1246,17.227457
1247,22.544622
1248,22.480392
1249,13.333282
1250,45.733532
1251,48.349060
1252,47.507580
1253,47.709080
1254,26.577078
1255,15.601912
1256,17.621006
1257,38.831173
1258,47.241142
1259,47.787834
1260,47.783337
1261,44.789959
1262,27.903063
1263,23.820734
1264,14.498422
1265,15.955647
1266,14.680955
1267,16.148941
1268,19.924623
1269,48.366909
1270,47.794865
1271,48.467823
1272,44.934383
1273,11.930689
1274,15.500817
1275,19.176956
1276,17.670507
1277,13.303635
1278,19.461205
1279,32.665619
1280,41.543583
1281,35.615898
1282,47.217453
1283,46.988129
1284,46.349358
1285,24.097631
1286,27.519186
1287,25.525080
1288,24.920853
1289,18.785616
1290,39.798954
1291,48.303246
1292,47.379215
1293,44.007698
1294,42.887768
1295,43.255508
1296,42.233955
1297,38.082851
1298,44.328106
1299,47.765488
1300,47.170227
1301,44.902355
1302,22.799892
1303,14.002007
1304,22.518600
1305,48.007549
1306,47.839226
1307,47.631908
1308,47.292942
1309,38.418671
1310,26.727634
1311,30.686090
1312,26.375965
1313,26.092720
1314,18.051971
1315,30.602964
1316,38.394035
1317,40.941368
1318,44.004398
1319,47.247154
1320,46.919449
1321,44.367912
1322,15.920865
1323,19.307053
1324,21.447012
1325,24.741732
1326,47.851654
1327,25.648151
1328,18.571499
1329,16.734608
1330,18.169954
1331,11.599184
1332,24.390253
1333,38.654697
1334,40.029125
1335,47.824451
1336,46.677631
1337,44.889957
1338,16.873867
1339,19.934677
1340,20.209698
1341,21.291225
1342,49.600105
1343,48.033195
1344,42.335136
1345,28.988228
1346,25.492256
1347,18.504602
1348,17.191380
1349,42.590645
1350,41.793648
1351,39.993099
1352,39.692043
1353,39.606575
1354,39.731415
1355,38.599316
1356,43.341278
1357,39.899784
1358,46.717163
1359,30.071022
1360,26.797318
1361,24.502504
1362,19.318739
1363,17.075148
1364,18.447418
1365,14.939616
1366,12.889038
1367,40.655399
1368,48.011620
1369,26.460945
1370,26.992947
1371,18.079542
1372,10.042404
1373,36.378151
1374,47.890415
1375,47.531277
1376,48.105259
1377,24.373569
1378,18.027067
1379,40.834549
1380,42.579670
1381,47.217304
1382,18.520714
1383,9.208983
1384,36.070286
1385,42.824471
1386,42.884827
1387,47.907200
1388,48.351376
1389,44.845142
1390,13.966229
1391,17.339218
1392,19.468988
1393,15.235018
1394,15.994568
1395,12.101254
1396,42.582043
1397,48.001209
1398,47.679707
1399,47.994892
1400,26.181421
1401,25.589199
1402,45.949028
1403,45.277927
1404,45.114403
1405,42.970165
1406,42.992966
1407,42.974800
1408,45.798344
1409,43.927181
1410,44.369888
1411,45.041752
1412,46.121040
1413,46.580166
1414,13.059642
1415,24.847126
1416,39.037167
1417,46.352886
1418,46.086845
1419,45.814159
1420,14.232616
1421,17.834389
1422,17.860006
1423,14.041089
1424,16.110916
1425,13.506761
1426,12.126284
1427,24.407270
1428,40.965828
1429,47.432392
1430,47.717052
1431,47.346897
1432,47.161625
1433,43.152802
1434,19.202419
1435,15.474389
1436,17.023161
1437,17.560474
1438,14.888866
1439,20.988981
1440,33.333965
1441,46.022491
1442,48.630650
1443,46.951588
1444,40.430592
1445,22.460905
1446,15.400265
1447,44.373596
1448,45.675491
1449,42.605026
1450,31.483854
1451,14.560922
1452,15.973703
1453,17.553265
1454,12.668599
1455,38.708076
1456,39.919857
1457,47.296421
1458,47.122665
1459,46.646229
1460,22.033691
1461,15.501380
1462,19.285364
1463,37.307167
1464,45.373024
1465,46.406399
1466,46.260590
1467,45.893723
1468,43.496006
1469,43.286182
1470,44.047375
1471,42.549107
1472,45.978783
1473,45.678036
1474,11.180105
1475,15.420595
1476,17.839495
1477,13.069574
1478,37.090355
1479,38.403419
1480,47.060684
1481,46.724110
1482,46.327171
1483,30.665592
1484,24.295334
1485,23.631571
1486,20.788042
1487,18.466322
1488,13.671251
1489,12.241516
1490,25.791340
1491,37.776360
1492,45.923969
1493,45.799374
1494,45.739616
1495,42.223774
1496,19.540539
1497,17.952337
1498,16.659824
1499,8.909436
1500,21.778816
1501,35.825451
1502,46.417828
1503,47.348431
1504,46.440750
1505,44.294624
1506,20.162359
1507,23.544193
1508,22.612217
1509,19.749439
1510,19.503424
1511,16.014744
1512,13.667910
1513,37.605957
1514,43.782452
1515,35.744190
1516,44.800793
1517,20.883232
1518,8.857392
1519,35.137695
1520,37.469055
1521,47.525280
1522,47.348869
1523,25.631804
1524,25.105717
1525,21.096445
1526,21.282160
1527,19.799702
1528,39.900257
1529,33.276367
1530,45.983349
1531,47.736057
1532,38.081867
1533,39.589092
1534,42.742783
1535,44.005348
1536,37.267952
1537,47.939335
1538,47.421272
1539,47.864285
1540,47.463596
1541,45.010777
1542,29.161211
1543,29.433790
1544,31.283270
1545,27.563622
1546,27.404171
1547,40.796917
1548,47.043072
1549,47.182949
1550,46.603886
1551,44.708023
1552,27.285782
1553,22.339743
1554,19.918953
1555,17.435036
1556,9.303445
1557,20.978281
1558,33.405319
1559,48.153145
1560,48.244209
1561,47.472549
1562,47.167297
1563,11.467268
1564,16.984823
1565,12.126003
1566,11.491839
1567,23.305309
1568,45.990864
1569,47.453114
1570,22.151218
1571,21.312580
1572,18.119530
1573,16.795458
1574,13.664506
1575,21.694139
1576,44.304874
1577,42.804359
1578,47.743420
1579,48.266937
1580,45.278374
1581,40.412216
1582,21.383831
1583,15.336578
1584,10.785429
1585,9.811484
1586,37.013493
1587,42.286465
1588,35.305302
1589,37.564312
1590,47.218479
1591,48.057175
1592,47.636471
1593,38.590191
1594,27.610296
1595,15.040727
1596,12.930830
1597,31.287165
1598,38.358116
1599,33.010029
1600,44.048222
1601,44.079216
1602,44.510548
1603,45.034119
1604,30.412769
1605,37.906578
1606,41.308777
1607,40.418259
1608,32.419281
1609,45.689743
1610,45.768349
1611,45.726402
1612,44.835323
1613,20.284969
1614,18.316555
1615,19.503283
1616,18.926882
1617,35.161861
1618,41.629551
1619,46.094578
1620,46.221359
1621,45.731770
1622,45.868481
1623,46.358452
1624,43.408699
1625,25.849401
1626,19.824980
1627,24.767797
1628,24.764742
1629,18.854279
1630,14.073463
1631,46.071136
1632,46.283054
1633,45.836868
1634,46.052479
1635,45.241428
1636,41.445339
1637,16.298847
1638,20.105186
1639,20.767656
1640,18.155149
1641,13.079929
1642,23.890755
1643,36.267666
1644,41.995869
1645,47.470993
1646,47.856583
1647,46.899391
1648,17.253744
1649,17.470814
1650,18.816118
1651,19.226896
1652,11.297699
1653,24.672878
1654,36.406372
1655,37.736847
1656,48.048134
1657,44.640347
1658,16.376526
1659,21.239243
1660,21.499502
1661,17.524019
1662,17.231091
1663,18.164392
1664,17.623367
1665,37.281296
1666,45.122028
1667,35.286739
1668,22.235312
1669,22.184294
1670,22.694321
1671,14.871297
1672,41.204765
1673,35.824837
1674,38.018093
1675,47.369961
1676,47.896015
1677,47.297070
1678,37.732361
1679,43.391090
1680,44.376328
1681,48.184452
1682,48.691551
1683,47.731384
1684,38.033150
1685,31.143366
1686,33.691162
1687,29.386858
1688,31.217916
1689,28.335255
1690,23.163431
1691,31.943241
1692,44.822475
1693,39.932896
1694,47.269352
1695,46.939529
1696,44.767223
1697,12.400447
1698,19.483963
1699,19.902235
1700,43.450359
1701,46.268250
1702,32.203587
1703,14.113692
1704,14.997378
1705,20.317764
1706,18.595461
1707,12.049820
1708,25.511942
1709,40.626980
1710,44.172501
1711,47.892143
1712,47.709126
1713,44.878368
1714,21.133902
1715,19.704651
1716,19.534355
1717,14.139944
1718,43.366722
1719,43.259472
1720,48.877022
1721,48.224510
1722,38.584141
1723,21.833691
1724,15.548236
1725,16.321159
1726,35.273605
1727,43.528397
1728,48.131958
1729,39.186440
1730,13.563199
1731,11.387792
1732,42.087887
1733,47.767712
1734,47.912289
1735,47.204468
1736,43.760723
1737,40.418133
1738,40.574455
1739,44.177807
1740,41.637981
1741,42.310310
1742,37.783871
1743,44.676304
1744,34.588478
1745,44.007946
1746,12.360661
1747,15.104816
1748,20.301016
1749,33.561832
1750,37.199150
1751,47.158333
1752,47.424049
1753,17.188589
1754,23.391748
1755,21.317373
1756,20.094673
1757,41.756580
1758,48.337868
1759,47.270481
1760,47.962040
1761,47.413948
1762,44.548435
1763,12.817385
1764,17.615917
1765,18.356916
1766,23.689522
1767,48.391270
1768,47.707054
1769,47.097797
1770,25.950405
1771,22.452585
1772,21.315973
1773,47.906261
1774,47.228668
1775,47.615253
1776,47.207100
1777,46.914383
1778,9.889661
1779,16.908590
1780,18.691883
1781,17.185608
1782,16.573914
1783,27.262793
1784,34.825443
1785,43.822903
1786,39.579918
1787,31.937239
1788,29.974079
1789,29.550482
1790,29.831152
1791,27.167328
1792,26.272036
1793,21.511448
1794,39.375320
1795,36.819378
1796,39.434464
1797,44.920967
1798,46.268818
1799,45.197792
1800,45.419144
1801,42.915958
1802,44.850967
1803,38.158253
1804,38.129250
1805,39.093452
1806,34.567966
1807,41.366787
1808,43.449688
1809,43.228344
1810,43.156635
1811,42.859909
1812,43.442295
1813,41.688766
1814,14.408899
1815,21.591921
1816,20.615458
1817,18.841694
1818,25.122854
1819,40.131767
1820,43.131935
1821,47.682018
1822,47.005257
1823,15.226444
1824,17.365896
1825,26.538736
1826,19.413738
1827,21.630178
1828,25.876724
1829,43.818264
1830,37.661507
1831,47.743465
1832,46.503994
1833,43.802086
1834,31.079578
1835,14.576181
1836,18.135939
1837,17.397268
1838,21.182219
1839,19.397343
1840,21.491520
1841,37.818958
1842,39.062599
1843,44.573143
1844,20.217747
1845,16.579437
1846,17.991365
1847,11.895405
1848,38.407604
1849,47.186710
1850,46.885559
1851,44.581539
1852,20.884571
1853,21.465675
1854,21.028276
1855,19.952129
1856,19.577871
1857,37.883755
1858,32.888500
1859,49.021099
1860,47.350975
1861,30.514082
1862,33.773495
1863,25.263393
1864,25.307774
1865,46.878201
1866,46.869747
1867,45.958935
1868,43.429882
1869,42.700706
1870,37.767620
1871,37.545921
1872,43.127377
1873,33.842232
1874,47.860111
1875,47.487396
1876,47.053078
1877,44.500111
1878,24.777514
1879,21.768120
1880,12.267215
1881,47.653297
1882,47.878422
1883,47.407303
1884,47.287560
1885,19.576405
1886,26.358418
1887,23.097469
1888,21.402292
1889,23.845917
1890,47.843292
1891,19.713417
1892,25.719091
1893,25.140316
1894,22.334448
1895,16.000530
1896,46.973244
1897,47.290264
1898,20.005192
1899,19.060341
1900,11.204697
1901,25.798172
1902,37.784508
1903,47.772301
1904,45.371803
1905,14.659158
1906,20.481800
1907,22.628288
1908,22.133244
1909,18.821218
1910,22.682919
1911,47.638371
1912,47.057053
1913,24.745623
1914,24.912979
1915,27.456562
1916,22.056679
1917,20.747583
1918,31.464846
1919,40.834099
1920,40.776791
1921,47.296879
1922,41.200108
1923,38.770084
1924,38.887325
1925,37.013466
1926,41.564354
1927,43.908314
1928,43.210960
1929,45.882309
1930,30.488115
1931,15.710221
1932,21.380590
1933,18.857870
1934,20.941723
1935,21.744333
1936,44.911758
1937,40.388729
1938,44.616749
1939,47.132454
1940,47.826187
1941,44.927280
1942,29.680571
1943,14.516892
1944,23.717770
1945,23.191841
1946,15.376106
1947,25.390387
1948,43.270515
1949,42.009876
1950,48.052067
1951,47.800129
1952,45.757069
1953,31.719696
1954,17.432451
1955,18.188885
1956,21.302710
1957,16.510309
1958,12.394954
1959,37.874996
1960,47.317150
1961,47.558666
1962,47.344566
1963,47.621174
1964,41.983234
1965,21.354813
1966,18.220617
1967,46.763042
1968,43.342773
1969,47.712093
1970,42.840328
1971,13.133469
1972,17.152847
1973,18.742195
1974,17.254202
1975,11.599254
1976,26.462006
1977,35.458160
1978,45.228085
1979,45.339111
1980,45.715290
1981,45.767467
1982,40.132683
1983,27.172878
1984,30.865047
1985,28.107782
1986,27.625988
1987,27.581875
1988,38.544220
1989,45.341816
1990,46.124260
1991,46.771713
1992,46.447197
1993,39.938190
1994,38.414845
1995,32.999100
1996,32.182697
1997,32.308784
1998,46.978287
1999,33.080853
2000,16.961657
2001,18.664553
2002,18.356903
2003,18.777239
2004,25.015789
2005,42.777985
2006,43.199589
2007,47.875011
2008,18.335205
2009,20.364019
2010,23.471098
2011,18.522379
2012,14.894199
2013,15.186525
2014,22.558012
2015,17.680002
2016,19.519787
2017,17.230211
2018,34.522785
2019,37.254734
2020,41.972347
2021,48.422985
2022,47.558945
2023,47.222065
2024,21.577984
2025,18.050886
2026,19.274986
2027,20.281435
2028,17.661776
2029,45.047298
2030,37.596882
2031,42.568363
2032,47.366341
2033,45.589375
2034,13.947697
2035,13.438053
2036,11.972726
2037,13.991124
2038,6.924262
2039,45.346615
2040,45.072918
2041,45.289711
2042,24.820801
2043,28.205088
2044,23.739033
2045,23.444265
2046,42.795155
2047,39.374573
2048,33.728794
2049,39.631134
2050,37.297413
2051,43.701191
2052,36.626659
2053,46.839531
2054,46.836880
2055,44.613365
2056,17.888910
2057,27.328480
2058,25.331736
2059,23.375996
2060,24.789301
2061,21.063677
2062,16.139591
2063,46.318592
2064,46.614166
2065,45.799877
2066,18.403025
2067,24.238329
2068,20.255453
2069,21.801014
2070,13.571738
2071,36.486183
2072,41.578297
2073,43.686157
2074,45.879246
2075,30.309576
2076,15.276818
2077,19.581038
2078,19.575193
2079,22.215927
2080,23.786840
2081,37.895267
2082,47.493038
2083,46.641232
2084,44.947929
2085,13.073611
2086,20.672291
2087,17.432886
2088,17.855026
2089,44.490429
2090,39.633808
2091,45.256592
2092,46.677212
2093,46.922562
2094,44.315739
2095,18.168188
2096,17.736374
2097,14.604403
2098,17.220078
2099,19.215487
2100,15.881841
2101,40.209709
2102,44.760937
2103,45.140831
2104,46.244804
2105,46.522682
2106,24.539064
2107,24.188795
2108,25.210320
2109,24.209135
2110,22.738073
2111,19.369986
2112,18.378685
2113,31.498732
2114,45.569889
2115,46.481495
2116,46.810032
2117,42.624287
2118,42.449577
2119,39.120041
2120,38.815628
2121,37.771530
2122,43.039715
2123,44.971760
2124,39.951447
2125,35.698036
2126,48.083267
2127,48.151371
2128,46.797131
2129,46.631771
2130,44.355133
2131,16.532961
2132,20.765106
2133,18.894476
2134,16.660244
2135,18.546532
2136,18.384556
2137,12.097271
2138,47.176540
2139,47.832859
2140,16.368092
2141,16.025742
2142,41.667381
2143,48.877731
2144,48.539059
2145,44.865822
2146,13.026843
2147,18.758648
2148,13.956002
2149,14.612004
2150,16.716084
2151,37.901630
2152,42.091808
2153,46.813698
2154,46.341831
2155,46.259232
2156,11.858202
2157,14.553925
2158,15.614027
2159,16.046349
2160,17.387909
2161,10.668736
2162,34.096596
2163,38.624565
2164,48.394634
2165,33.872742
2166,17.173412
2167,18.525805
2168,23.923719
2169,22.595291
2170,18.382238
2171,20.054096
2172,18.390339
2173,9.568181
2174,44.220402
2175,36.431885
2176,39.025124
2177,47.689209
2178,48.834099
2179,49.040836
2180,22.849224
2181,22.566216
2182,21.704762
2183,25.517488
2184,22.102093
2185,34.229298
2186,39.456272
2187,38.095600
2188,45.727924
2189,45.461281
2190,45.641289
2191,45.718266
2192,45.568260
2193,46.325432
2194,42.946224
2195,39.149071
2196,38.194500
2197,37.395470
2198,31.978163
2199,31.394552
2200,31.899242
2201,37.577946
2202,47.682587
2203,46.986305
2204,46.820530
2205,15.422565
2206,21.371321
2207,13.570505
2208,38.804035
2209,42.537601
2210,44.863186
2211,43.352455
2212,25.316849
2213,22.092670
2214,22.848913
2215,13.870831
2216,8.480265
2217,16.819950
2218,45.803844
2219,46.375797
2220,46.671833
2221,46.492340
2222,46.273121
2223,44.345226
2224,13.217093
2225,16.200014
2226,16.605354
2227,18.369373
2228,9.733129
2229,8.535614
2230,20.066751
2231,45.318665
2232,47.346882
2233,47.525955
2234,47.402641
2235,46.850552
2236,42.380157
2237,17.347145
2238,20.703203
2239,26.597027
2240,19.536867
2241,25.103136
2242,37.400810
2243,47.198200
2244,47.556412
2245,47.437008
2246,47.642986
2247,47.256081
2248,44.802265
2249,27.892681
2250,14.191026
2251,18.417305
2252,19.096439
2253,16.195482
2254,14.618922
2255,13.858263
2256,7.813649
2257,13.881306
2258,35.796822
2259,38.099277
2260,47.175320
2261,47.559185
2262,46.805168
2263,27.667936
2264,18.954254
2265,16.136570
2266,34.890064
2267,47.295818
2268,45.973980
2269,42.578808
2270,43.277111
2271,43.469791
2272,43.473232
2273,43.965992
2274,45.025871
2275,45.168289
2276,42.020958
2277,40.278000
2278,47.614487
2279,46.947735
2280,47.469444
2281,47.048347
2282,28.618078
2283,25.288391
2284,21.927607
2285,19.305729
2286,21.358152
2287,21.554996
2288,14.448657
2289,40.971832
2290,47.006149
2291,31.117243
2292,16.798927
2293,17.646690
2294,19.756668
2295,19.657444
2296,19.439976
2297,44.490829
2298,38.809841
2299,47.340954
2300,46.610508
2301,19.942133
2302,15.537017
2303,13.861125
2304,15.291352
2305,11.484771
2306,10.738387
2307,38.672787
2308,43.255325
2309,47.781818
2310,47.240559
2311,47.713623
2312,47.284672
2313,42.314049
2314,22.398571
2315,48.291943
2316,48.309818
2317,47.304951
2318,24.162630
2319,14.617167
2320,16.934053
2321,17.595007
2322,14.249935
2323,8.758851
2324,16.081684
2325,36.231739
2326,47.019653
2327,47.444817
2328,47.263195
2329,47.064217
2330,45.818699
2331,36.404568
2332,24.203215
2333,20.657475
2334,17.795246
2335,19.416031
2336,14.793589
2337,33.513012
2338,32.061172
2339,33.583565
2340,46.575089
2341,40.840164
2342,39.843208
2343,40.654675
2344,39.453201
2345,44.288681
2346,46.671738
2347,46.814404
2348,13.764519
2349,24.135386
2350,22.587873
2351,18.297031
2352,23.200602
2353,42.796604
2354,47.188217
2355,47.280270
2356,46.694881
2357,43.449585
2358,14.656551
2359,21.557793
2360,16.527430
2361,15.928742
2362,17.665054
2363,12.140356
2364,9.487491
2365,38.163353
2366,47.703472
2367,47.910751
2368,47.489491
2369,42.420357
2370,22.445465
2371,14.942049
2372,26.888916
2373,42.537540
2374,47.292538
2375,46.853531
2376,11.828749
2377,17.891991
2378,16.704578
2379,14.273236
2380,8.048836
2381,32.256348
2382,39.943668
2383,48.872627
2384,47.474674
2385,43.254456
2386,11.525101
2387,17.781761
2388,19.174377
2389,33.254124
2390,45.961994
2391,46.365585
2392,48.507553
2393,26.399015
2394,24.830723
2395,22.590969
2396,24.068506
2397,19.879900
2398,48.826618
2399,48.058899
2400,47.699257
2401,37.691120
2402,9.363241
2403,9.390076
2404,19.626928
2405,41.621277
2406,47.142521
2407,47.896614
2408,40.246788
2409,47.804138
2410,47.126110
2411,36.511990
2412,30.855806
2413,37.370262
2414,30.520878
2415,30.632414
2416,18.636232
2417,39.310879
2418,46.988773
2419,45.932858
2420,23.291023
2421,15.147511
2422,47.477451
2423,46.547253
2424,13.582330
2425,16.985458
2426,13.411232
2427,14.992429
2428,13.287600
2429,14.686921
2430,9.730193
2431,8.052959
2432,33.416187
2433,47.194122
2434,46.806763
2435,24.469381
2436,15.673908
2437,19.671513
2438,20.801699
2439,16.599691
2440,17.666548
2441,43.795033
2442,48.077335
2443,47.662086
2444,47.081932
2445,43.356487
2446,11.790240
2447,14.218184
2448,14.931505
2449,13.677292
2450,12.313355
2451,11.731797
2452,48.305916
2453,35.816513
2454,22.897291
2455,32.651531
2456,12.828938
2457,36.158886
2458,28.918638
2459,46.976871
2460,45.517269
2461,38.010494
2462,40.001888
2463,40.386299
2464,36.575661
2465,32.269608
2466,40.192905
2467,42.565498
2468,43.926189
2469,46.907566
2470,47.420361
2471,46.929668
2472,46.752373
2473,30.037779
2474,14.940477
2475,16.208260
2476,23.215893
2477,23.549398
2478,24.417646
2479,16.436043
2480,15.171917
2481,43.076611
2482,40.968010
2483,45.312977
2484,46.365223
2485,46.439594
2486,46.241669
2487,34.213364
2488,35.020123
2489,35.755829
2490,32.430199
2491,28.891367
2492,29.189922
2493,25.485849
2494,44.481022
2495,40.583599
2496,46.734604
2497,46.387329
2498,46.824524
2499,46.619537
2500,43.820698
2501,18.256371
2502,13.351088
2503,15.242769
2504,11.658163
2505,22.741772
2506,43.966480
2507,48.280567
2508,48.133247
2509,47.586143
2510,45.177914
2511,13.312212
2512,23.924799
2513,19.882750
2514,17.622398
2515,19.223169
2516,17.625856
2517,36.350651
2518,35.346561
2519,18.660934
2520,23.873291
2521,19.561863
2522,18.163321
2523,16.583487
2524,16.034149
2525,25.490143
2526,36.519127
2527,42.411236
2528,48.417942
2529,48.989491
2530,48.331627
2531,22.493952
2532,24.507671
2533,18.870001
2534,19.227427
2535,35.344357
2536,42.377621
2537,42.618061
2538,44.405563
2539,41.231129
2540,38.673302
2541,39.895580
2542,41.167820
2543,44.844578
2544,47.283165
2545,47.891472
2546,48.311722
2547,47.029839
2548,37.944180
2549,29.466797
2550,28.004503
2551,26.999302
2552,22.666533
2553,31.217566
2554,44.581261
2555,45.054535
2556,48.120090
2557,48.294430
2558,47.680424
2559,47.511002
2560,45.458160
2561,32.729645
2562,21.226862
2563,22.165152
2564,25.111814
2565,18.973768
2566,15.884214
2567,39.041496
2568,47.606415
2569,44.543400
2570,15.522760
2571,23.440109
2572,17.997253
2573,18.021250
2574,14.641444
2575,48.509544
2576,24.427692
2577,13.450468
2578,9.474025
2579,44.800079
2580,41.483723
2581,48.080318
2582,47.994709
2583,47.848572
2584,47.617558
2585,44.488335
2586,15.947268
2587,21.532406
2588,20.179632
2589,21.821842
2590,20.171188
2591,40.316765
2592,30.223425
2593,44.061050
2594,46.539291
2595,46.835606
2596,20.458204
2597,24.253687
2598,24.517719
2599,20.066135
2600,19.708679
2601,18.498653
2602,19.314093
2603,39.101978
2604,47.755047
2605,46.654369
2606,46.463078
2607,40.448933
2608,38.257713
2609,41.188198
2610,40.740017
2611,40.444443
2612,38.249531
2613,43.969017
2614,36.503498
2615,45.256943
2616,47.354397
2617,42.001987
2618,33.155884
2619,19.753927
2620,21.102678
2621,30.140902
2622,23.066679
2623,22.251776
2624,23.495083
2625,23.141268
2626,41.048508
2627,47.931751
2628,49.161366
2629,47.835690
2630,24.166605
2631,22.413929
2632,18.299702
2633,19.817793
2634,19.533155
2635,38.247398
2636,42.836575
2637,36.352158
2638,39.089680
2639,45.666096
2640,45.765198
2641,47.106747
2642,23.972452
2643,15.980449
2644,14.019753
2645,12.560883
2646,14.781037
2647,13.007351
2648,8.261406
2649,44.943069
2650,47.715626
2651,47.805645
2652,48.338551
2653,47.761284
2654,24.301689
2655,17.697514
2656,18.365940
2657,17.518744
2658,24.105436
2659,43.108929
2660,32.586906
2661,48.480293
2662,48.703865
2663,47.835571
2664,47.689747
2665,22.571630
2666,11.986096
2667,20.434977
2668,16.463371
2669,18.484537
2670,20.039852
2671,45.658379
2672,34.446838
2673,20.192402
2674,19.632994
2675,18.733412
2676,33.221169
2677,36.378666
2678,36.467850
2679,45.763622
2680,45.809322
2681,45.062637
2682,42.797089
2683,39.280525
2684,42.819359
2685,41.511356
2686,47.103821
2687,46.638931
2688,46.667538
2689,43.871155
2690,29.031723
2691,16.669907
2692,21.453785
2693,16.133492
2694,32.946667
2695,36.872902
2696,38.852169
2697,47.650127
2698,47.759148
2699,47.060108
2700,11.895828
2701,14.882156
2702,13.546390
2703,14.547502
2704,40.618290
2705,42.340385
2706,48.583351
2707,46.228863
2708,32.940895
2709,38.491913
2710,31.758350
2711,33.863808
2712,32.790119
2713,29.845432
2714,25.166201
2715,44.724129
2716,46.638706
2717,46.617378
2718,24.343132
2719,17.080397
2720,23.718969
2721,16.750311
2722,18.295353
2723,16.267452
2724,12.495780
2725,23.173203
2726,36.286453
2727,48.815617
2728,48.916180
2729,45.029049
2730,21.904804
2731,17.843109
2732,12.549275
2733,25.756128
2734,38.639263
2735,47.902969
2736,48.076244
2737,47.583271
2738,47.773933
2739,47.926876
2740,41.426037
2741,27.280672
2742,18.502266
2743,18.117596
2744,18.402534
2745,18.896074
2746,17.610281
2747,35.345898
2748,47.677505
2749,47.338661
2750,46.470104
2751,43.798374
2752,43.388947
2753,37.714336
2754,42.005329
2755,37.899811
2756,34.079945
2757,48.114693
2758,47.300484
2759,47.597073
2760,21.548429
2761,19.473951
2762,18.691181
2763,15.057577
2764,23.230398
2765,41.939724
2766,44.598553
2767,47.598595
2768,47.722271
2769,47.217781
2770,43.663574
2771,12.788830
2772,20.943977
2773,21.373550
2774,14.478393
2775,15.723855
2776,30.015350
2777,41.038799
2778,42.808838
2779,48.514427
2780,47.268852
2781,47.778866
2782,47.222878
2783,41.331253
2784,21.813938
2785,12.148560
2786,17.470736
2787,15.844429
2788,13.387566
2789,9.201812
2790,19.055714
2791,31.546459
2792,41.412418
2793,36.140324
2794,37.372627
2795,49.973740
2796,47.125626
2797,16.242279
2798,21.982445
2799,22.361280
2800,18.509203
2801,19.099445
2802,20.198610
2803,18.826775
2804,23.669554
2805,35.035065
2806,47.942394
2807,48.127193
2808,47.526684
2809,24.324175
2810,15.814488
2811,19.854528
2812,15.515746
2813,15.971534
2814,18.246502
2815,44.148697
2816,38.607273
2817,47.324844
2818,23.696060
2819,23.518215
2820,21.166361
2821,20.572523
2822,34.300560
2823,40.040928
2824,35.424221
2825,42.767929
2826,45.182564
2827,45.271633
2828,45.358810
2829,42.855000
2830,36.295166
2831,35.325451
2832,35.219219
2833,34.431339
2834,37.225079
2835,33.606628
2836,35.651386
2837,47.337582
2838,46.644039
2839,12.850354
2840,20.468193
2841,20.224306
2842,18.938974
2843,15.695567
2844,17.616470
2845,16.016342
2846,40.626335
2847,44.988018
2848,48.973679
2849,48.135700
2850,48.466518
2851,48.099609
2852,47.895218
2853,44.717899
2854,17.027761
2855,16.853634
2856,47.059074
2857,40.482277
2858,44.775021
2859,48.295223
2860,28.325684
2861,13.220231
2862,14.705825
2863,22.584768
2864,17.589001
2865,9.211600
2866,19.953812
2867,34.359219
2868,41.378178
2869,33.858585
2870,21.903435
2871,22.224859
2872,23.149113
2873,21.649506
2874,18.527065
2875,36.875282
2876,47.069736
2877,47.219398
2878,46.762741
2879,46.983421
2880,27.165670
2881,17.523581
2882,20.323326
2883,21.667976
2884,20.307878
2885,17.790928
2886,13.668040
2887,45.189457
2888,38.541542
2889,46.303440
2890,46.172485
2891,46.111034
2892,40.922215
2893,21.210644
2894,24.013933
2895,18.525862
2896,18.434235
2897,20.058174
2898,26.062737
2899,36.556324
2900,35.721691
2901,47.578083
2902,47.375271
2903,43.490959
2904,42.551491
2905,42.841652
2906,41.593857
2907,39.968578
2908,42.397701
2909,38.954765
2910,37.559864
2911,47.545979
2912,47.081398
2913,26.713610
2914,13.827483
2915,28.515875
2916,23.596285
2917,24.371820
2918,39.062271
2919,44.654907
2920,46.907970
2921,47.227596
2922,46.889473
2923,20.588678
2924,19.547632
2925,21.272552
2926,22.080507
2927,17.566111
2928,12.440827
2929,39.653576
2930,48.192749
2931,47.395206
2932,13.658144
2933,16.932144
2934,19.830965
2935,21.827831
2936,19.723789
2937,8.262514
2938,45.530224
2939,39.544865
2940,47.816769
2941,47.074802
2942,46.906448
2943,16.255898
2944,20.027306
2945,20.999540
2946,11.634225
2947,21.248318
2948,45.239689
2949,36.459522
2950,41.249775
2951,48.493107
2952,45.250427
2953,31.430836
2954,17.932482
2955,23.758768
2956,18.350237
2957,16.624296
2958,17.707222
2959,25.978653
2960,43.615078
2961,36.036667
2962,47.182987
2963,47.563446
2964,38.435146
2965,26.569679
2966,26.431576
2967,26.609770
2968,25.767809
2969,24.225611
2970,19.381451
2971,35.688156
2972,45.542561
2973,48.465809
2974,47.526127
2975,43.585644
2976,38.295254
2977,34.226379
2978,44.267643
2979,26.940781
2980,23.999336
2981,22.170734
2982,23.477499
2983,16.876196
2984,12.683740
2985,46.014748
2986,48.423397
2987,47.365932
2988,47.359013
2989,44.608627
2990,14.551963
2991,17.921417
2992,22.949614
2993,22.600737
2994,17.935587
2995,11.883006
2996,22.314360
2997,45.164604
2998,44.540112
2999,48.660660
3000,47.790455
3001,47.757401
3002,23.542479
3003,18.842270
3004,16.672115
3005,11.106078
3006,36.395798
3007,42.026314
3008,47.291157
3009,44.797314
3010,18.092010
3011,19.353527
3012,21.687651
3013,34.549587
3014,42.446423
3015,32.778805
3016,48.188896
3017,27.106600
3018,21.611391
3019,16.836817
3020,16.194384
3021,9.536010
3022,20.427967
3023,34.948402
3024,44.956120
3025,38.797295
3026,15.574179
3027,15.163785
3028,18.247057
3029,18.455837
3030,17.038219
3031,35.231667
3032,45.504791
3033,46.398460
3034,46.171234
3035,46.274387
3036,43.572056
3037,40.165722
3038,39.777359
3039,39.962410
3040,40.104271
3041,38.226871
3042,33.558357
3043,41.404980
3044,43.415936
3045,43.947746
3046,46.489067
3047,46.772457
3048,41.541195
3049,13.378838
3050,25.716616
3051,18.444998
3052,20.024893
3053,17.532825
3054,18.632925
3055,15.887780
3056,45.488525
3057,47.917038
3058,48.024487
3059,47.359009
3060,47.701492
3061,16.687450
3062,22.349569
3063,17.847431
3064,14.202459
3065,15.687386
3066,15.141266
3067,12.938687
3068,45.322163
3069,38.956188
3070,48.243431
3071,48.166859
3072,47.708534
3073,47.501667
3074,23.900324
3075,19.184628
3076,19.469807
3077,16.520685
3078,17.740524
3079,17.126936
3080,10.387460
3081,29.836565
3082,40.296459
3083,41.670689
3084,48.109810
3085,47.545860
3086,47.592335
3087,24.188740
3088,15.350477
3089,18.923267
3090,19.231125
3091,13.847135
3092,15.232734
3093,13.587213
3094,34.744003
3095,34.965027
3096,49.482517
3097,47.393150
3098,28.657640
3099,22.714239
3100,22.120691
3101,16.916328
3102,18.434502
3103,16.138723
3104,10.228357
3105,38.745327
3106,37.890423
3107,48.084614
3108,47.835857
3109,47.402203
3110,22.310282
3111,19.301128
3112,18.469671
3113,20.513054
3114,33.207348
3115,34.233463
3116,47.278065
3117,46.661175
3118,43.356884
3119,40.902000
3120,41.213795
3121,41.580780
3122,41.366467
3123,39.223644
3124,38.052452
3125,35.588654
3126,39.459766
3127,38.439178
3128,45.763947
3129,47.391613
3130,47.553120
3131,47.111500
3132,46.529396
3133,26.825180
3134,16.372204
3135,17.676313
3136,26.159683
3137,24.884398
3138,18.085367
3139,12.318436
3140,47.949738
3141,24.356686
3142,19.085272
3143,18.153051
3144,13.547407
3145,11.202286
3146,46.981018
3147,47.151596
3148,44.978989
3149,40.650387
3150,12.266943
3151,9.077604
3152,31.350449
3153,43.921516
3154,47.281090
3155,46.773834
3156,13.482567
3157,21.249176
3158,17.224720
3159,18.928310
3160,17.743286
3161,48.608849
3162,44.204098
3163,30.053053
3164,14.902831
3165,22.716257
3166,18.262844
3167,19.795176
3168,18.163774
3169,8.459396
3170,22.766024
3171,38.862946
3172,48.747395
3173,48.964836
3174,48.410751
3175,26.868158
3176,26.443836
3177,17.092892
3178,16.489996
3179,16.659689
3180,18.601027
3181,17.512632
3182,16.654312
3183,41.034084
3184,36.668064
3185,38.942802
3186,46.506824
3187,46.306602
3188,46.358246
3189,46.055801
3190,45.889767
3191,41.481873
3192,38.742775
3193,40.196606
3194,40.933617
3195,37.855904
3196,44.461391
3197,47.683811
3198,47.861958
3199,47.443729
3200,47.764168
3201,45.245026
3202,27.681849
3203,15.532258
3204,21.629337
3205,17.410715
3206,13.838247
3207,32.714176
3208,42.159378
3209,35.048759
3210,47.892483
3211,47.236458
3212,47.650421
3213,47.862305
3214,44.154377
3215,12.263831
3216,20.457781
3217,15.015726
3218,36.482582
3219,38.714535
3220,41.454620
3221,47.623093
3222,47.131027
3223,47.560410
3224,21.623455
3225,21.449837
3226,16.148733
3227,9.466265
3228,33.661243
3229,40.104446
3230,42.747227
3231,46.609837
3232,46.291214
3233,46.700775
3234,46.151684
3235,22.751402
3236,18.378164
3237,16.942354
3238,18.275650
3239,9.284188
3240,21.367500
3241,43.698689
3242,49.250198
3243,48.392624
3244,32.295372
3245,17.283878
3246,18.156500
3247,23.065439
3248,22.306993
3249,20.214083
3250,11.432697
3251,12.486450
3252,21.482319
3253,33.700478
3254,35.862392
3255,39.335033
3256,48.100952
3257,47.746853
3258,28.056463
3259,29.462099
3260,16.371737
3261,18.589912
3262,37.292801
3263,35.973427
3264,33.747299
3265,45.504292
3266,48.445560
3267,37.250504
3268,37.120445
3269,36.762997
3270,39.565697
3271,36.136410
3272,43.906796
3273,47.602062
3274,47.010178
3275,14.581564
3276,17.434198
3277,16.826832
3278,10.949128
3279,24.853987
3280,39.300552
3281,47.493740
3282,47.676151
3283,47.084419
3284,29.377090
3285,24.822130
3286,20.911160
3287,22.088421
3288,19.594660
3289,21.758785
3290,16.071352
3291,13.007147
3292,34.963726
3293,41.725220
3294,36.129086
3295,38.235497
3296,47.315914
3297,47.689594
3298,44.282700
3299,21.719645
3300,17.520996
3301,14.268019
3302,48.253410
3303,47.570480
3304,47.829418
3305,47.458572
3306,33.737030
3307,17.668823
3308,18.070904
3309,19.387148
3310,17.386967
3311,13.629704
3312,21.784548
3313,36.866940
3314,48.500744
3315,48.588039
3316,48.043705
3317,45.162395
3318,28.319147
3319,16.382973
3320,17.502419
3321,21.670399
3322,21.089014
3323,18.771849
3324,19.632586
3325,11.620566
3326,7.809846
3327,14.554840
3328,25.130543
3329,33.636677
3330,48.433605
3331,47.978619
3332,22.356853
3333,26.549686
3334,46.730206
3335,47.190437
3336,46.971855
3337,46.580608
3338,43.931831
3339,40.574848
3340,41.333450
3341,38.834023
3342,38.917786
3343,42.803719
3344,33.738010
3345,42.786812
3346,46.219727
3347,46.663784
3348,47.178303
3349,44.142078
3350,25.416792
3351,14.286242
3352,17.482050
3353,13.793298
3354,9.517516
3355,19.426003
3356,34.185757
3357,44.174881
3358,47.766201
3359,47.886383
3360,27.621309
3361,20.929062
3362,20.857237
3363,15.239790
3364,10.790031
3365,21.703413
3366,40.107388
3367,47.745453
3368,44.597832
3369,26.335340
3370,15.864841
3371,38.744873
3372,43.496471
3373,49.605091
3374,49.861694
3375,48.611214
3376,47.770073
3377,24.370722
3378,13.990608
3379,14.512705
3380,17.846521
3381,14.379452
3382,15.312810
3383,12.814746
3384,8.476963
3385,15.390833
3386,27.764654
3387,47.252083
3388,22.605553
3389,21.811489
3390,10.007691
3391,14.681851
3392,33.260956
3393,45.667759
3394,45.997379
3395,47.844845
3396,48.152245
3397,23.665300
3398,25.962301
3399,18.378464
3400,19.378695
3401,21.521490
3402,25.134485
3403,21.661663
3404,28.064541
3405,46.201809
3406,46.927975
3407,46.896923
3408,46.676769
3409,46.349274
3410,43.550030
3411,40.615116
3412,40.192398
3413,39.945545
3414,30.960325
3415,48.285000
3416,45.805943
3417,22.342474
3418,28.737864
3419,20.302158
3420,18.739208
3421,16.227406
3422,15.238269
3423,41.180962
3424,48.502834
3425,48.717072
3426,48.163383
3427,45.890686
3428,34.421761
3429,35.028065
3430,33.204594
3431,28.220016
3432,27.260036
3433,23.357256
3434,19.214052
3435,27.642363
3436,41.054653
3437,46.948971
3438,47.750885
3439,48.247406
3440,48.050182
3441,33.350491
3442,25.989761
3443,26.802763
3444,24.913685
3445,20.415274
3446,31.905146
3447,41.200565
3448,47.052738
3449,46.687195
3450,46.993324
3451,46.680904
3452,44.813568
3453,30.261429
3454,23.961256
3455,19.311726
3456,21.260851
3457,20.408588
3458,13.374622
3459,46.621872
3460,48.368546
3461,47.955761
3462,47.573139
3463,47.449341
3464,22.711185
3465,23.120161
3466,19.407156
3467,20.792599
3468,15.766676
3469,37.113609
3470,47.890614
3471,43.637730
3472,36.480949
3473,27.025433
3474,20.545568
3475,22.363674
3476,38.110043
3477,38.729305
3478,34.119602
3479,44.727024
3480,45.968933
3481,47.410351
3482,47.327065
3483,46.810089
3484,46.264774
3485,44.031380
3486,46.297028
3487,42.963017
3488,41.653435
3489,40.797588
3490,36.415554
3491,44.739418
3492,44.051331
3493,47.309254
3494,47.239777
3495,45.715580
3496,26.589769
3497,20.117962
3498,17.606596
3499,14.870617
3500,26.361565
3501,32.712227
3502,26.981194
3503,28.312082
